{
  "ok": false,
  "gates": {
    "parity_pass": true,
    "inverse_speed_pass": true,
    "complete_speed_pass": false,
    "memory_pass": true
  },
  "fixed_contract": {
    "chunk_size": 64,
    "neumann_order": 3,
    "residual_terms": 8,
    "qualification_length": 4096,
    "min_inverse_speedup": 2.0,
    "min_complete_speedup": 1.5,
    "max_abs_limit": 0.001,
    "relative_l2_limit": 1e-05
  },
  "stress": {
    "samples": 100,
    "failed_samples": [],
    "worst": {
      "inverse_max_abs": 2.9802322387695312e-08,
      "inverse_relative_l2": 1.1799003551971055e-08,
      "output_max_abs": 1.3969838619232178e-09,
      "output_relative_l2": 5.98625291559074e-08,
      "state_max_abs": 2.2351741790771484e-08,
      "state_relative_l2": 7.590978867710874e-08
    }
  },
  "device": "Iluvatar BI-V100",
  "torch_version": "2.1.0",
  "config": {
    "device": "cuda:0",
    "lengths": [
      64,
      1024,
      4096,
      7800
    ],
    "segment_size": 4096,
    "heads": 8,
    "head_dim": 128,
    "warmup": 1,
    "iterations": 1,
    "repeats": 5,
    "stress_samples": 100,
    "seed": 20260721,
    "out": "/root/M1_40/result.json"
  },
  "cases": {
    "64": {
      "inverse_parity": {
        "finite": true,
        "max_abs": 1.4901161193847656e-08,
        "mean_abs": 5.306245443037483e-10,
        "relative_l2": 1.1545528977308095e-08
      },
      "complete_parity": {
        "output": {
          "finite": true,
          "max_abs": 9.313225746154785e-10,
          "mean_abs": 4.462369362912e-11,
          "relative_l2": 5.905026867480956e-08
        },
        "state": {
          "finite": true,
          "max_abs": 1.4901161193847656e-08,
          "mean_abs": 9.159215608178783e-10,
          "relative_l2": 7.421704140142538e-08
        }
      },
      "inverse_timing": {
        "baseline": {
          "median_ms": 3.9988160133361816,
          "p10_ms": 3.926420211791992,
          "p90_ms": 4.052051901817322,
          "trials_ms": [
            4.07816469669342,
            4.012882709503174,
            3.9321444928646088,
            3.9988160133361816,
            3.922604024410248
          ]
        },
        "candidate": {
          "median_ms": 0.5271993577480316,
          "p10_ms": 0.5254901945590973,
          "p90_ms": 0.5444422364234924,
          "trials_ms": [
            0.547267496585846,
            0.5263574421405792,
            0.5402043461799622,
            0.524912029504776,
            0.5271993577480316
          ]
        },
        "speedup": 7.585016852860747
      },
      "complete_timing": {
        "baseline": {
          "median_ms": 4.712142050266266,
          "p10_ms": 4.710114002227783,
          "p90_ms": 4.716360569000244,
          "trials_ms": [
            4.713557660579681,
            4.718229174613953,
            4.711419343948364,
            4.7092437744140625,
            4.712142050266266
          ]
        },
        "candidate": {
          "median_ms": 1.1582039296627045,
          "p10_ms": 1.1512354016304016,
          "p90_ms": 1.1625811457633972,
          "trials_ms": [
            1.1648684740066528,
            1.1467412114143372,
            1.1582039296627045,
            1.1579766869544983,
            1.1591501533985138
          ]
        },
        "speedup": 4.068490815463344
      },
      "peak_allocated_bytes": {
        "baseline": 7649280,
        "candidate": 7649280
      }
    },
    "1024": {
      "inverse_parity": {
        "finite": true,
        "max_abs": 3.725290298461914e-08,
        "mean_abs": 5.011382420150312e-10,
        "relative_l2": 1.0889017687532032e-08
      },
      "complete_parity": {
        "output": {
          "finite": true,
          "max_abs": 2.0954757928848267e-09,
          "mean_abs": 1.391359805147374e-10,
          "relative_l2": 1.1301009550379604e-07
        },
        "state": {
          "finite": true,
          "max_abs": 1.4901161193847656e-08,
          "mean_abs": 1.1532357291343942e-09,
          "relative_l2": 8.500671100364343e-08
        }
      },
      "inverse_timing": {
        "baseline": {
          "median_ms": 4.566408693790436,
          "p10_ms": 4.5290254056453705,
          "p90_ms": 4.626333713531494,
          "trials_ms": [
            4.640430212020874,
            4.605188965797424,
            4.528392106294632,
            4.566408693790436,
            4.529975354671478
          ]
        },
        "candidate": {
          "median_ms": 0.761326402425766,
          "p10_ms": 0.7572770118713379,
          "p90_ms": 0.7737785577774048,
          "trials_ms": [
            0.7697083055973053,
            0.761326402425766,
            0.7764920592308044,
            0.7589198648929596,
            0.7561817765235901
          ]
        },
        "speedup": 5.997964446314718
      },
      "complete_timing": {
        "baseline": {
          "median_ms": 9.016215801239014,
          "p10_ms": 9.001467376947403,
          "p90_ms": 9.071067720651627,
          "trials_ms": [
            9.023096412420273,
            8.998353034257889,
            9.006138890981674,
            9.016215801239014,
            9.103048592805862
          ]
        },
        "candidate": {
          "median_ms": 5.082346498966217,
          "p10_ms": 5.074839293956757,
          "p90_ms": 5.08585199713707,
          "trials_ms": [
            5.082346498966217,
            5.086835473775864,
            5.084376782178879,
            5.070708692073822,
            5.0810351967811584
          ]
        },
        "speedup": 1.77402619106607
      },
      "peak_allocated_bytes": {
        "baseline": 63971328,
        "candidate": 63971328
      }
    },
    "4096": {
      "inverse_parity": {
        "finite": true,
        "max_abs": 2.9802322387695312e-08,
        "mean_abs": 5.043447881547536e-10,
        "relative_l2": 1.0908618897076394e-08
      },
      "complete_parity": {
        "output": {
          "finite": true,
          "max_abs": 3.259629011154175e-09,
          "mean_abs": 1.4315043594947952e-10,
          "relative_l2": 1.1439906444365988e-07
        },
        "state": {
          "finite": true,
          "max_abs": 1.1175870895385742e-08,
          "mean_abs": 1.1774043962020642e-09,
          "relative_l2": 8.560042630278986e-08
        }
      },
      "inverse_timing": {
        "baseline": {
          "median_ms": 5.7467930018901825,
          "p10_ms": 5.733199417591095,
          "p90_ms": 5.755056440830231,
          "trials_ms": [
            5.754604935646057,
            5.755357444286346,
            5.732007324695587,
            5.7467930018901825,
            5.734987556934357
          ]
        },
        "candidate": {
          "median_ms": 1.5481524169445038,
          "p10_ms": 1.5359766781330109,
          "p90_ms": 1.5598878264427185,
          "trials_ms": [
            1.5666186809539795,
            1.5397518873214722,
            1.5481524169445038,
            1.53345987200737,
            1.549791544675827
          ]
        },
        "speedup": 3.7120330911812194
      },
      "complete_timing": {
        "baseline": {
          "median_ms": 22.12291583418846,
          "p10_ms": 22.097253054380417,
          "p90_ms": 22.549889236688614,
          "trials_ms": [
            22.12291583418846,
            22.13345840573311,
            22.101350128650665,
            22.094521671533585,
            22.82750979065895
          ]
        },
        "candidate": {
          "median_ms": 17.800938338041306,
          "p10_ms": 17.794767022132874,
          "p90_ms": 17.894747108221054,
          "trials_ms": [
            17.800938338041306,
            17.792589962482452,
            17.798032611608505,
            17.81291514635086,
            17.94930174946785
          ]
        },
        "speedup": 1.2427949254175505
      },
      "peak_allocated_bytes": {
        "baseline": 246718464,
        "candidate": 246718464
      }
    },